date and time,file size (in kilobytes),build duration (in seconds)
8/17/2016 7:50pm,0.59,0.417
8/17/2016 7:51pm,0.54,0.042
8/17/2016 7:53pm,0.87,0.196
8/17/2016 7:54pm,0.89,0.025
8/17/2016 7:59pm,0.89,0.024
8/17/2016 8:00pm,0.89,0.014
8/17/2016 8:00pm,0.89,0.010
8/17/2016 8:01pm,0.98,0.030
8/17/2016 8:01pm,1.02,0.015
8/17/2016 8:03pm,1.52,0.018
8/17/2016 8:03pm,1.57,0.031
8/17/2016 8:04pm,1.31,0.015
8/17/2016 8:05pm,1.31,0.015
8/17/2016 8:05pm,1.32,0.014
8/17/2016 8:05pm,1.31,0.012
8/17/2016 8:05pm,1.32,0.022
8/17/2016 8:06pm,1.32,0.017
8/17/2016 8:06pm,1.32,0.014
8/17/2016 8:06pm,1.34,0.018
8/17/2016 8:06pm,1.32,0.016
8/17/2016 8:06pm,1.32,0.027
8/17/2016 8:06pm,1.32,0.022
8/17/2016 8:08pm,1.88,0.073
8/17/2016 8:09pm,1.97,0.632
8/17/2016 8:09pm,1.97,0.082
8/17/2016 8:11pm,2.28,0.040
8/17/2016 8:11pm,2.33,0.059
8/17/2016 8:11pm,2.33,0.044
8/17/2016 8:13pm,3.06,0.079
8/17/2016 8:13pm,3.08,0.056
8/17/2016 8:13pm,3.1,0.051
8/17/2016 8:13pm,3.05,0.048
8/17/2016 8:13pm,3.1,0.044
8/17/2016 8:13pm,3.1,0.041
8/17/2016 8:14pm,3.76,0.664
8/17/2016 8:15pm,1.6,0.506
8/17/2016 8:17pm,0.96,0.566
8/17/2016 8:18pm,0.95,0.083
8/17/2016 8:18pm,0.95,0.065
8/17/2016 8:19pm,0.95,0.057
8/17/2016 8:19pm,0.95,0.045
8/17/2016 8:19pm,0.95,0.046
8/17/2016 8:19pm,0.97,0.051
8/17/2016 8:19pm,0.97,0.041
8/17/2016 8:19pm,0.96,0.048
8/17/2016 8:20pm,0.97,0.042
8/17/2016 8:20pm,0.97,0.040
8/17/2016 8:21pm,0.96,0.030
8/17/2016 8:21pm,0.97,0.037
8/17/2016 8:21pm,0.97,0.030
8/17/2016 8:21pm,1.00,0.036
8/17/2016 8:21pm,1.01,0.025
8/17/2016 8:22pm,1.01,0.062
8/17/2016 8:22pm,1.01,0.051
8/17/2016 8:22pm,1.02,0.063
8/17/2016 8:23pm,1.01,0.050
8/17/2016 8:24pm,1.05,0.059
8/17/2016 8:28pm,1.23,0.138
8/17/2016 8:28pm,1.22,0.123
8/17/2016 8:29pm,1.25,0.063
8/17/2016 8:29pm,1.26,0.085
8/17/2016 8:29pm,1.26,0.087
8/17/2016 8:29pm,1.26,0.054
8/17/2016 8:30pm,1.29,0.103
8/17/2016 8:30pm,1.31,0.099
8/17/2016 8:30pm,1.31,0.059
8/17/2016 8:30pm,1.31,0.060
8/17/2016 8:30pm,1.31,0.083
8/17/2016 8:30pm,1.31,0.059
8/17/2016 8:30pm,1.31,0.074
8/17/2016 8:31pm,1.4,0.073
8/17/2016 8:31pm,1.38,0.078
8/17/2016 8:31pm,1.41,0.060
8/17/2016 8:31pm,1.41,0.069
8/17/2016 8:31pm,1.42,0.062
8/17/2016 8:31pm,1.42,0.053
8/17/2016 8:31pm,1.42,0.060
8/17/2016 8:37pm,1.42,0.049
8/17/2016 8:37pm,1.42,0.045
8/17/2016 8:38pm,1.25,0.042
8/17/2016 8:38pm,1.42,0.869
8/17/2016 8:38pm,1.42,0.402
8/17/2016 8:38pm,2.36,0.944
8/17/2016 8:38pm,2.36,0.398
8/17/2016 8:39pm,2.35,0.988
8/17/2016 8:39pm,2.35,1.088
8/17/2016 8:41pm,2.35,0.437
8/17/2016 8:41pm,2.35,0.484
8/17/2016 8:42pm,2.35,0.695
8/17/2016 8:42pm,2.35,0.811
8/17/2016 8:43pm,2.35,0.697
8/17/2016 8:43pm,2.35,0.103
8/17/2016 8:43pm,2.35,0.072
8/17/2016 8:45pm,2.35,0.758
8/17/2016 8:45pm,2.35,0.856
8/17/2016 8:45pm,2.35,0.902
8/17/2016 8:45pm,2.35,0.926
8/17/2016 8:46pm,2.35,0.737
8/17/2016 10:01pm,2.35,0.655
8/17/2016 10:24pm,1.42,0.914
8/17/2016 10:25pm,1.42,0.345
8/17/2016 10:25pm,0.9,0.073
8/17/2016 10:25pm,0.9,0.058
8/17/2016 10:25pm,1.42,0.051
8/17/2016 10:25pm,1.42,0.089
8/17/2016 10:26pm,1.42,0.061
8/17/2016 10:26pm,1.44,0.055
8/17/2016 10:28pm,1.67,0.077
8/17/2016 10:28pm,1.67,0.081
8/17/2016 10:29pm,1.66,0.085
8/17/2016 10:30pm,1.7,0.051
8/17/2016 10:30pm,1.7,0.067
8/17/2016 10:31pm,1.7,0.085
8/17/2016 10:31pm,1.79,0.124
8/17/2016 10:33pm,1.8,0.121
8/17/2016 10:34pm,1.82,0.125
8/17/2016 10:34pm,1.82,0.179
8/17/2016 10:34pm,1.85,0.147
8/17/2016 10:34pm,1.84,0.092
8/17/2016 10:35pm,1.85,0.099
8/17/2016 10:35pm,1.86,0.097
8/17/2016 10:35pm,1.86,0.090
8/17/2016 10:35pm,1.86,0.069
8/17/2016 10:36pm,1.88,0.094
8/17/2016 10:36pm,1.93,0.087
8/17/2016 10:37pm,1.92,0.107
8/17/2016 10:37pm,1.9,0.125
8/17/2016 10:37pm,1.92,0.059
8/17/2016 10:37pm,1.92,0.075
8/17/2016 10:37pm,1.94,0.050
8/17/2016 10:37pm,1.94,0.074
8/17/2016 10:37pm,1.94,0.058
8/17/2016 10:37pm,1.92,0.090
8/17/2016 10:38pm,1.9,0.079
8/17/2016 10:38pm,1.9,0.063
8/17/2016 10:38pm,1.9,0.065
8/17/2016 10:38pm,1.88,0.069
8/17/2016 10:38pm,1.88,0.062
8/17/2016 10:38pm,1.88,0.068
8/17/2016 10:41pm,2.03,0.080
8/17/2016 10:42pm,2.04,0.052
8/17/2016 10:42pm,2.04,0.070
8/17/2016 10:46pm,2.04,0.807
8/17/2016 10:47pm,2.01,0.185
8/17/2016 10:47pm,2.04,0.086
8/17/2016 10:47pm,2.04,0.109
9/2/2016 6:28pm,2.04,0.986
9/2/2016 6:38pm,2.04,0.294
9/2/2016 6:38pm,2.04,0.295
9/2/2016 6:38pm,2.04,0.223
9/2/2016 6:38pm,2.04,0.223
9/2/2016 6:38pm,2.04,0.215
9/2/2016 6:38pm,2.04,0.214
9/2/2016 6:38pm,2.04,0.104
9/2/2016 6:39pm,2.04,0.065
9/2/2016 6:39pm,2.04,0.106
9/2/2016 6:39pm,2.04,0.087
9/2/2016 6:40pm,2.04,0.084
9/2/2016 6:41pm,2.04,0.179
9/2/2016 6:41pm,2.04,0.117
9/2/2016 6:42pm,2.15,0.105
9/2/2016 6:44pm,2.3,0.196
9/2/2016 6:44pm,2.36,0.117
9/2/2016 6:45pm,2.38,0.095
9/2/2016 6:45pm,2.4,0.184
9/2/2016 6:46pm,2.42,0.104
9/2/2016 6:46pm,2.49,0.107
9/2/2016 6:46pm,2.5,0.130
9/2/2016 6:47pm,2.5,0.101
9/2/2016 6:47pm,2.49,0.100
9/2/2016 6:47pm,2.49,0.109
9/2/2016 6:47pm,2.5,0.091
9/2/2016 6:47pm,2.5,0.087
9/2/2016 6:47pm,2.5,0.086
9/2/2016 6:47pm,2.5,0.071
9/2/2016 6:47pm,2.5,0.102
9/2/2016 6:48pm,2.48,0.084
9/2/2016 6:48pm,2.49,0.092
9/2/2016 6:48pm,2.49,0.067
9/2/2016 6:49pm,2.49,0.078
9/2/2016 6:49pm,2.49,0.087
9/2/2016 6:49pm,2.49,0.101
9/2/2016 6:50pm,2.49,0.097
9/2/2016 6:50pm,2.58,0.093
9/2/2016 6:51pm,2.62,0.081
9/2/2016 6:54pm,2.65,0.084
9/2/2016 6:55pm,2.67,0.087
9/2/2016 6:57pm,2.69,0.072
9/2/2016 6:57pm,2.69,0.061
9/2/2016 6:57pm,2.69,0.102
9/2/2016 6:57pm,2.71,0.103
9/2/2016 6:57pm,2.71,0.154
9/2/2016 6:58pm,2.71,0.142
9/2/2016 6:58pm,2.71,0.149
9/2/2016 6:58pm,2.71,0.135
9/2/2016 6:59pm,2.69,0.197
9/2/2016 7:01pm,2.88,0.099
9/2/2016 7:02pm,2.88,0.107
9/2/2016 7:03pm,2.88,0.099
9/2/2016 7:03pm,2.92,0.110
9/2/2016 7:03pm,2.92,0.102
9/2/2016 7:04pm,2.97,0.098
9/2/2016 7:05pm,3.03,0.121
9/2/2016 7:05pm,3.04,0.098
9/2/2016 7:08pm,3.08,0.105
9/2/2016 7:08pm,3.08,0.108
9/2/2016 7:08pm,3.07,0.089
9/2/2016 7:08pm,3.1,0.157
9/2/2016 7:10pm,3.11,0.103
9/2/2016 7:10pm,3.12,0.100
9/2/2016 7:10pm,3.11,0.082
9/2/2016 7:10pm,3.12,0.109
9/2/2016 7:11pm,3.24,0.161
9/2/2016 7:11pm,3.26,0.107
9/2/2016 7:11pm,3.26,0.099
9/2/2016 7:15pm,3.33,0.140
9/2/2016 7:15pm,3.32,0.107
9/2/2016 7:16pm,3.32,0.108
9/2/2016 7:19pm,3.34,0.116
9/2/2016 7:19pm,3.34,0.105
9/2/2016 7:19pm,3.36,0.097
9/2/2016 7:19pm,3.37,0.254
9/2/2016 7:20pm,3.34,0.174
9/2/2016 7:21pm,3.41,0.117
9/2/2016 7:22pm,3.4,0.230
9/2/2016 7:22pm,3.41,0.124
9/2/2016 7:23pm,3.44,0.107
9/2/2016 7:23pm,3.43,0.095
9/2/2016 7:23pm,3.43,0.124
9/2/2016 7:25pm,3.43,0.109
9/2/2016 7:26pm,3.43,0.082
9/2/2016 7:26pm,3.43,0.078
9/2/2016 7:26pm,3.43,0.085
9/2/2016 7:27pm,3.73,0.144
9/2/2016 7:28pm,3.75,0.093
9/2/2016 7:29pm,3.75,0.110
9/2/2016 7:29pm,3.75,0.119
9/2/2016 7:31pm,3.79,0.123
9/2/2016 7:31pm,3.8,0.096
9/2/2016 7:31pm,3.85,0.096
9/2/2016 7:32pm,3.85,0.149
9/2/2016 7:33pm,3.86,0.091
9/2/2016 7:33pm,3.81,0.117
9/2/2016 7:34pm,3.82,0.134
9/2/2016 7:34pm,3.83,0.125
9/2/2016 7:34pm,3.86,0.321
9/2/2016 7:34pm,3.86,0.173
9/2/2016 7:34pm,3.88,0.330
9/2/2016 7:35pm,3.84,0.481
9/2/2016 7:35pm,3.75,1.018
9/2/2016 7:35pm,3.79,0.219
9/2/2016 7:37pm,3.82,0.172
9/2/2016 7:37pm,3.91,0.137
9/2/2016 7:38pm,3.89,0.145
9/2/2016 7:38pm,3.86,0.112
9/2/2016 7:38pm,3.87,0.108
9/2/2016 7:41pm,4.01,0.137
9/2/2016 7:41pm,4.01,0.270
9/2/2016 7:41pm,4,0.249
9/2/2016 8:21pm,4.03,0.190
9/2/2016 8:21pm,4.04,0.493
9/2/2016 8:21pm,4.04,0.370
9/2/2016 8:21pm,4.04,0.225
9/2/2016 8:22pm,4.05,0.464
9/2/2016 8:24pm,4.03,0.204
9/2/2016 8:24pm,4.04,0.226
9/2/2016 8:24pm,4.04,0.203
9/2/2016 8:24pm,4.04,0.193
9/2/2016 8:25pm,4.04,0.155
9/2/2016 8:25pm,4.04,0.167
9/2/2016 8:25pm,3.95,0.165
9/2/2016 8:26pm,3.95,0.196
9/2/2016 8:34pm,3.97,0.209
9/2/2016 8:35pm,3.98,0.105
9/2/2016 8:35pm,3.98,0.096
9/2/2016 8:35pm,3.98,0.147
9/2/2016 8:36pm,3.98,0.166
9/2/2016 8:36pm,3.97,0.125
9/2/2016 8:37pm,3.97,0.132
9/2/2016 8:37pm,3.97,0.132
9/2/2016 8:37pm,3.97,0.120
9/2/2016 8:39pm,3.97,0.116
9/2/2016 8:51pm,3.98,0.197
9/2/2016 8:51pm,4,0.131
9/2/2016 8:52pm,4.01,0.370
9/2/2016 8:54pm,4.06,0.386
9/2/2016 8:54pm,4.06,0.202
9/2/2016 8:54pm,4.06,0.188
9/2/2016 8:54pm,3.98,0.220
9/2/2016 8:54pm,4.01,0.105
9/2/2016 8:54pm,4.01,0.267
9/2/2016 8:55pm,3.99,0.427
9/2/2016 8:55pm,3.98,0.298
9/2/2016 8:55pm,3.98,0.126
9/2/2016 8:56pm,3.98,0.119
9/2/2016 8:56pm,3.99,0.149
9/2/2016 8:56pm,3.99,0.240
9/2/2016 8:56pm,3.99,0.341
9/2/2016 8:56pm,3.97,0.382
9/2/2016 8:57pm,3.99,0.152
9/2/2016 8:57pm,3.99,0.134
9/2/2016 8:57pm,3.99,0.140
9/2/2016 8:57pm,3.99,0.129
9/2/2016 8:58pm,3.98,0.119
9/2/2016 8:58pm,4.02,0.120
9/2/2016 8:58pm,4,0.200
9/2/2016 8:59pm,4.02,0.242
9/2/2016 8:59pm,3.98,0.140
9/2/2016 8:59pm,3.98,0.120
9/2/2016 8:59pm,3.98,0.128
9/2/2016 8:59pm,3.98,0.137
9/2/2016 9:01pm,3.97,0.106
9/2/2016 9:01pm,3.98,0.137
9/2/2016 9:01pm,3.97,0.097
9/2/2016 9:05pm,3.98,0.155
9/2/2016 9:05pm,3.98,0.151
9/2/2016 9:05pm,4,0.143
9/2/2016 9:06pm,3.98,0.086
9/2/2016 9:06pm,3.97,0.162
9/2/2016 9:06pm,3.98,0.095
9/2/2016 9:07pm,3.99,0.123
9/2/2016 9:07pm,3.97,0.137
9/2/2016 9:07pm,3.98,0.136
9/2/2016 9:07pm,3.98,0.148
9/2/2016 9:07pm,3.98,0.164
9/2/2016 9:09pm,3.98,0.102
9/2/2016 9:12pm,3.98,0.126
9/2/2016 9:12pm,3.97,0.122
9/2/2016 9:12pm,3.98,0.127
9/2/2016 9:13pm,3.96,0.224
9/2/2016 9:13pm,3.98,0.139
9/2/2016 9:13pm,3.97,0.089
9/2/2016 9:13pm,3.99,0.271
9/2/2016 9:14pm,3.97,0.181
9/2/2016 9:15pm,3.97,0.318
9/2/2016 9:16pm,3.99,0.216
9/2/2016 9:18pm,4.02,0.104
9/2/2016 9:18pm,4,0.253
9/2/2016 9:19pm,4,0.220
9/2/2016 9:20pm,4,0.245
9/2/2016 9:20pm,4,0.221
9/2/2016 9:20pm,4.01,0.130
9/2/2016 9:21pm,4.01,0.315
9/2/2016 9:21pm,4.01,0.290
9/2/2016 9:21pm,4.01,0.206
9/2/2016 9:21pm,4.01,0.264
9/2/2016 9:22pm,4.01,0.229
9/2/2016 9:22pm,4,0.239
9/2/2016 9:23pm,4.06,0.254
9/2/2016 9:24pm,4.06,0.097
9/2/2016 9:24pm,4.04,0.106
9/2/2016 9:26pm,4.04,0.129
9/2/2016 9:26pm,4.04,0.233
9/2/2016 9:27pm,4.04,0.159
9/2/2016 9:28pm,4.04,0.117
9/2/2016 9:28pm,4.04,0.146
9/2/2016 9:28pm,4.04,0.164
9/2/2016 9:28pm,4.04,0.192
9/2/2016 9:30pm,4.04,0.219
9/2/2016 9:31pm,4.06,0.174
9/2/2016 9:31pm,4.07,0.140
9/2/2016 9:34pm,4.07,0.164
9/2/2016 9:34pm,4.07,0.160
9/2/2016 9:35pm,4.07,0.164
9/2/2016 9:35pm,4.07,0.150
9/2/2016 9:37pm,4.07,0.110
9/2/2016 9:40pm,4.07,0.150
9/2/2016 9:41pm,4.08,0.143
9/2/2016 9:41pm,4.08,0.138
9/2/2016 9:44pm,4.09,0.262
9/2/2016 9:44pm,4.09,0.161
9/2/2016 9:44pm,4.09,0.136
9/2/2016 9:44pm,4.09,0.139
9/2/2016 9:44pm,4.09,0.133
9/2/2016 9:46pm,4.09,0.146
9/2/2016 9:47pm,4.11,0.151
9/2/2016 9:47pm,4.11,0.164
9/2/2016 9:47pm,4.12,0.184
9/2/2016 9:47pm,4.12,0.140
9/2/2016 9:47pm,4.12,0.212
9/2/2016 9:47pm,4.11,0.341
9/2/2016 9:48pm,4.11,0.137
9/2/2016 9:48pm,4.09,0.155
9/2/2016 9:48pm,4.09,0.138
9/2/2016 9:48pm,4.09,0.154
9/2/2016 9:48pm,4.32,0.141
9/2/2016 9:48pm,4.27,0.151
9/2/2016 9:49pm,4.2,0.119
9/2/2016 9:49pm,4.16,0.126
9/2/2016 9:49pm,4.13,0.141
9/2/2016 9:49pm,4.11,0.128
9/2/2016 9:49pm,4.09,0.138
9/2/2016 9:50pm,4.09,0.128
9/2/2016 9:50pm,4.09,0.126
9/2/2016 9:51pm,4.09,0.144
9/2/2016 9:51pm,4.09,0.203
9/2/2016 9:51pm,4.09,0.161
9/2/2016 9:51pm,4.09,0.154
9/2/2016 9:51pm,4.09,0.177
9/2/2016 9:52pm,4.09,0.115
9/2/2016 9:53pm,4.09,0.172
9/2/2016 11:51pm,4.11,0.186
9/2/2016 11:51pm,4.14,0.207
9/2/2016 11:55pm,4.36,0.138
9/2/2016 11:55pm,4.36,0.114
9/2/2016 11:56pm,4.36,0.143
9/2/2016 11:56pm,4.14,0.168
9/2/2016 11:56pm,4.12,0.136
9/2/2016 11:56pm,4.06,0.124
9/2/2016 11:57pm,4.14,0.144
9/2/2016 11:59pm,4.06,0.176
9/3/2016 12:00am,4.11,0.156
9/3/2016 12:01am,4.16,0.138
9/3/2016 12:01am,4.16,0.174
9/3/2016 12:01am,4.16,0.184
9/3/2016 12:02am,4.16,0.176
9/3/2016 12:04am,4.12,0.164
9/3/2016 12:04am,4.06,0.099
9/3/2016 12:05am,4.06,0.108
9/3/2016 10:58am,4.06,1.152
9/3/2016 11:04am,4.4,0.299
9/3/2016 11:04am,4.42,0.289
9/3/2016 11:04am,4.44,0.338
9/3/2016 11:04am,4.44,0.340
9/3/2016 11:04am,4.42,0.730
9/3/2016 11:05am,4.47,0.368
9/3/2016 11:06am,4.54,0.462
9/3/2016 11:07am,4.57,0.523
9/3/2016 11:07am,4.57,0.415
9/3/2016 11:07am,4.57,0.436
9/3/2016 11:07am,4.57,0.396
9/3/2016 11:07am,4.57,0.418
9/3/2016 11:07am,4.57,0.383
9/3/2016 11:08am,4.57,0.298
9/3/2016 11:08am,4.57,0.334
9/3/2016 11:09am,4.5,0.507
9/3/2016 11:09am,4.46,0.534
9/3/2016 11:11am,4.46,0.188
9/3/2016 11:11am,4.46,0.161
9/3/2016 11:13am,4.5,0.199
9/3/2016 11:13am,4.46,0.507
9/3/2016 11:13am,4,0.137
9/3/2016 11:16am,4.04,0.157
9/3/2016 11:17am,4.06,0.108
9/3/2016 11:17am,4.06,0.233
9/3/2016 11:18am,4.14,0.110
9/3/2016 11:23am,7.57,0.680
9/3/2016 11:25am,4.14,0.985
9/3/2016 11:27am,4.1,0.303
9/3/2016 11:27am,4.09,0.285
9/3/2016 11:27am,4.1,0.186
9/3/2016 11:28am,4.03,0.167
9/3/2016 11:28am,3.99,0.200
9/3/2016 11:30am,4.01,0.210
9/3/2016 11:31am,4.08,0.381
9/3/2016 11:31am,4.05,0.181
9/3/2016 11:31am,4.01,0.145
9/3/2016 11:32am,3.99,0.161
9/3/2016 11:34am,3.99,0.160
9/3/2016 11:34am,3.97,0.148
9/3/2016 11:36am,4.3,0.100
9/3/2016 11:36am,4.33,0.168
9/3/2016 11:37am,4.33,0.100
9/3/2016 11:37am,4.33,0.111
9/3/2016 11:37am,4.33,0.103
9/3/2016 11:37am,4.3,0.119
9/3/2016 11:38am,4.34,0.178
9/3/2016 11:38am,4.37,0.158
9/3/2016 11:38am,4.33,0.123
9/3/2016 11:38am,4.36,0.105
9/3/2016 11:38am,4.36,0.135
9/3/2016 11:39am,4.38,0.108
9/3/2016 11:39am,4.34,0.122
9/3/2016 11:39am,4.34,0.136
9/3/2016 11:39am,4.34,0.133
9/3/2016 11:39am,4.34,0.125
9/3/2016 11:39am,4.34,0.102
9/3/2016 11:39am,4.38,0.114
9/3/2016 11:40am,4.41,0.125
9/3/2016 11:40am,4.38,0.139
9/3/2016 11:40am,4.35,0.163
9/3/2016 11:40am,4.38,0.120
9/3/2016 11:40am,4.34,0.124
9/3/2016 11:40am,4.41,0.124
9/3/2016 11:40am,4.34,0.111
9/3/2016 11:40am,4.41,0.127
9/3/2016 11:40am,4.38,0.117
9/3/2016 11:40am,4.41,0.126
9/3/2016 11:41am,4.38,0.117
9/3/2016 11:41am,4.34,0.123
9/3/2016 11:41am,4.34,0.116
9/3/2016 11:42am,4.38,0.140
9/3/2016 11:42am,4.38,0.104
9/3/2016 11:42am,4.38,0.103
9/3/2016 11:42am,4.38,0.090
9/3/2016 11:42am,4.38,0.109
9/3/2016 11:42am,4.39,0.123
9/3/2016 11:42am,4.38,0.133
9/3/2016 11:42am,4.39,0.118
9/3/2016 11:42am,4.39,0.173
9/3/2016 11:42am,4.39,0.123
9/3/2016 11:42am,4.39,0.137
9/3/2016 11:42am,4.46,0.135
9/3/2016 11:43am,4.42,0.116
9/3/2016 11:43am,4.42,0.126
9/3/2016 11:43am,4.45,0.122
9/3/2016 11:43am,4.42,0.138
9/3/2016 11:43am,4.42,0.118
9/3/2016 11:43am,4.46,0.129
9/3/2016 11:44am,4.46,0.120
9/3/2016 11:44am,4.46,0.142
9/3/2016 11:45am,4.42,0.120
9/3/2016 11:45am,4.43,0.143
9/3/2016 11:45am,4.43,0.113
9/3/2016 11:45am,4.43,0.131
9/3/2016 11:45am,4.43,0.117
9/3/2016 11:45am,4.43,0.124
9/3/2016 11:45am,4.43,0.117
9/3/2016 11:45am,4.43,0.137
9/3/2016 11:45am,4.43,0.132
9/3/2016 11:45am,4.43,0.114
9/3/2016 11:45am,4.43,0.129
9/3/2016 11:45am,4.43,0.142
9/3/2016 11:45am,4.43,0.202
9/3/2016 11:46am,4.49,0.207
9/3/2016 11:46am,4.49,0.186
9/3/2016 11:46am,4.49,0.209
9/3/2016 11:46am,4.49,0.383
9/3/2016 11:46am,4.49,0.208
9/3/2016 11:46am,4.49,0.172
9/3/2016 11:46am,4.48,0.152
9/3/2016 11:46am,4.49,0.156
9/3/2016 11:47am,4.52,0.144
9/3/2016 11:47am,4.51,0.140
9/3/2016 11:52am,4,0.191
9/3/2016 11:53am,4.04,0.111
9/3/2016 11:53am,4.04,0.151
9/3/2016 11:53am,4.04,0.141
9/3/2016 11:54am,4.15,0.142
9/3/2016 11:54am,4.13,0.119
9/3/2016 11:54am,4.1,0.114
9/3/2016 11:55am,4.07,0.098
9/3/2016 11:55am,4.15,0.137
9/3/2016 11:55am,4.15,0.100
9/3/2016 11:56am,4.15,0.141
9/3/2016 11:56am,4.15,0.130
9/3/2016 11:56am,4.15,0.160
9/3/2016 11:56am,4.15,0.135
9/3/2016 11:56am,4.15,0.137
9/3/2016 11:56am,4.15,0.128
9/3/2016 11:56am,4.15,0.124
9/3/2016 11:57am,4.26,0.148
9/3/2016 11:57am,4.27,0.160
9/3/2016 11:58am,4.25,0.138
9/3/2016 11:58am,4.25,0.132
9/3/2016 11:58am,4.25,0.158
9/3/2016 11:58am,4.25,0.124
9/3/2016 11:58am,4.25,0.123
9/3/2016 11:58am,4.25,0.133
9/3/2016 11:58am,4.25,0.135
9/3/2016 11:58am,4.25,0.139
9/3/2016 11:58am,4.25,0.134
9/3/2016 2:07pm,4.25,1.249
9/3/2016 2:09pm,4.27,0.303
9/3/2016 2:09pm,4.28,0.390
9/3/2016 2:11pm,4.25,0.363
9/3/2016 2:12pm,4.26,0.317
9/3/2016 2:12pm,4.26,0.402
9/3/2016 2:12pm,4.26,0.569
9/3/2016 2:13pm,4.25,0.360
9/3/2016 2:13pm,4.28,0.365
9/3/2016 2:13pm,4.28,0.378
9/3/2016 2:13pm,4.25,0.207
9/3/2016 2:14pm,4.28,2.591
9/3/2016 2:15pm,4.3,1.714
9/3/2016 2:15pm,4.28,1.863
9/3/2016 2:16pm,4.28,2.570
9/3/2016 2:16pm,4.29,2.005
9/3/2016 2:16pm,4.28,2.441
9/3/2016 2:17pm,4.23,0.283
9/3/2016 2:17pm,4.22,0.245
9/3/2016 2:18pm,4.2,0.178
9/3/2016 2:23pm,4.34,0.109
9/3/2016 2:25pm,4.45,0.123
9/3/2016 2:25pm,4.49,0.151
9/3/2016 2:26pm,4.52,0.225
9/3/2016 2:26pm,4.52,0.222
9/3/2016 2:26pm,4.52,0.161
9/3/2016 2:26pm,4.57,0.150
9/3/2016 2:26pm,4.54,0.633
9/3/2016 2:27pm,4.49,0.258
9/3/2016 2:27pm,4.5,0.222
9/3/2016 2:27pm,4.52,0.237
9/3/2016 2:27pm,4.54,0.148
9/3/2016 2:27pm,4.54,0.294
9/3/2016 2:28pm,4.5,0.281
9/3/2016 2:30pm,4.63,0.130
9/3/2016 2:30pm,4.69,0.268
9/3/2016 2:31pm,4.69,0.186
9/3/2016 2:31pm,4.69,0.185
9/3/2016 2:32pm,4.71,0.153
9/3/2016 2:32pm,4.73,0.166
9/3/2016 2:32pm,4.75,0.149
9/3/2016 2:33pm,4.75,0.223
9/3/2016 2:33pm,4.76,0.148
9/3/2016 2:35pm,4.81,0.136
9/3/2016 2:35pm,4.8,0.182
9/3/2016 2:35pm,4.8,0.156
9/3/2016 2:36pm,4.8,0.166
9/3/2016 2:36pm,4.83,0.148
9/3/2016 2:36pm,4.73,0.306
9/3/2016 2:36pm,4.74,0.429
9/3/2016 2:37pm,4.71,0.260
9/3/2016 2:38pm,4.71,0.264
9/3/2016 2:39pm,4.81,0.339
9/3/2016 2:39pm,4.77,0.277
9/3/2016 2:40pm,4.82,0.188
9/3/2016 2:41pm,4.82,0.144
9/3/2016 2:41pm,4.82,0.155
9/12/2016 8:36pm,4.82,1.097
9/12/2016 8:49pm,4.87,0.495
9/12/2016 8:49pm,4.9,0.567
9/12/2016 8:49pm,4.87,0.442
9/12/2016 8:49pm,4.87,0.384
9/12/2016 8:50pm,4.87,0.493
9/12/2016 8:50pm,4.87,0.273
9/12/2016 8:50pm,4.87,0.302
9/12/2016 8:50pm,4.68,0.283
9/12/2016 8:51pm,4.73,0.419
9/12/2016 8:51pm,4.68,0.354
9/12/2016 8:52pm,4.68,0.467
9/12/2016 8:52pm,4.68,0.364
9/12/2016 8:53pm,4.7,0.471
9/12/2016 8:54pm,4.7,0.280
9/12/2016 8:54pm,4.7,0.203
9/12/2016 8:54pm,4.5,0.254
9/12/2016 8:54pm,4.52,0.338
9/12/2016 8:55pm,4.54,0.351
9/12/2016 8:55pm,4.54,0.305
9/12/2016 8:56pm,4.54,0.521
9/12/2016 8:57pm,4.56,0.502
9/12/2016 8:57pm,4.56,0.291
9/12/2016 8:57pm,4.56,0.356
9/12/2016 8:57pm,4.56,0.303
9/12/2016 8:57pm,4.56,0.294
9/12/2016 8:58pm,4.64,0.603
9/12/2016 8:58pm,4.63,0.316
9/12/2016 8:58pm,4.66,0.392
9/12/2016 8:59pm,4.85,0.387
9/12/2016 9:00pm,4.95,0.428
9/12/2016 9:00pm,5.01,0.490
9/12/2016 9:00pm,5.04,0.242
9/12/2016 9:00pm,5.06,0.356
9/12/2016 9:01pm,5.12,0.467
9/12/2016 9:01pm,5.14,0.365
9/12/2016 9:01pm,5.14,0.320
9/12/2016 9:01pm,5.14,0.397
9/12/2016 9:01pm,5.16,0.476
9/12/2016 9:01pm,5.18,0.397
9/12/2016 9:02pm,5.18,0.324
9/12/2016 9:02pm,5.18,0.294
9/12/2016 9:02pm,5.21,0.348
9/12/2016 9:02pm,5.2,0.356
9/12/2016 9:02pm,5.2,0.402
9/12/2016 9:02pm,5.2,0.301
9/12/2016 9:02pm,5.2,0.347
9/12/2016 9:03pm,5.23,0.314
9/12/2016 9:03pm,5.22,0.323
9/12/2016 9:03pm,5.22,0.398
9/12/2016 9:03pm,5.22,0.332
9/12/2016 9:03pm,5.23,0.289
9/12/2016 9:03pm,5.24,0.326
9/12/2016 9:03pm,5.24,0.359
9/12/2016 9:03pm,5.23,0.280
9/12/2016 9:03pm,5.23,0.265
9/12/2016 9:03pm,5.23,0.290
9/12/2016 9:03pm,5.23,0.198
9/12/2016 9:03pm,5.23,0.262
9/12/2016 9:04pm,5.23,0.267
9/12/2016 9:04pm,5.23,0.363
9/12/2016 9:04pm,5.25,0.277
9/12/2016 9:05pm,5.32,0.568
9/12/2016 9:05pm,5.24,0.369
9/12/2016 9:05pm,5.24,0.404
9/12/2016 9:05pm,5.32,0.349
9/12/2016 9:06pm,5.3,0.298
9/12/2016 9:06pm,5.32,0.406
9/12/2016 9:06pm,5.33,0.442
9/12/2016 9:06pm,5.33,0.330
9/12/2016 9:07pm,5.33,0.255
9/12/2016 9:07pm,5.33,0.285
9/12/2016 9:07pm,5.33,0.264
9/12/2016 9:07pm,5.35,0.367
9/12/2016 9:07pm,5.35,0.440
9/12/2016 9:07pm,5.33,0.355
9/12/2016 9:08pm,5.35,0.420
9/12/2016 9:08pm,5.36,0.263
9/12/2016 9:09pm,5.38,0.267
9/12/2016 9:09pm,5.38,0.308
9/12/2016 9:10pm,5.36,0.395
9/12/2016 9:11pm,5.51,0.442
9/12/2016 9:11pm,5.51,0.471
9/12/2016 9:12pm,5.51,0.458
9/12/2016 9:12pm,5.51,0.360
9/12/2016 9:12pm,5.51,0.458
9/12/2016 9:12pm,5.5,0.380
9/12/2016 9:12pm,5.5,0.349
9/12/2016 9:12pm,5.5,0.381
9/12/2016 9:13pm,5.53,0.716
9/12/2016 9:13pm,5.53,0.453
9/12/2016 9:13pm,5.53,0.379
9/12/2016 9:13pm,5.53,0.483
9/12/2016 9:14pm,5.53,0.479
9/12/2016 9:15pm,5.52,0.438
9/12/2016 9:16pm,5.48,0.307
9/12/2016 9:16pm,5.48,0.420
9/12/2016 9:16pm,5.48,0.417
9/12/2016 9:16pm,5.48,0.369
9/12/2016 9:17pm,5.48,0.397
9/12/2016 9:17pm,5.48,0.475
9/12/2016 9:17pm,5.48,0.388
9/12/2016 9:18pm,5.65,0.425
9/12/2016 9:21pm,5.65,0.391
9/12/2016 9:22pm,5.65,0.459
9/12/2016 9:24pm,5.65,0.402
9/12/2016 9:25pm,5.65,0.463
9/12/2016 9:25pm,5.68,0.380
9/12/2016 9:25pm,5.69,0.418
9/12/2016 9:25pm,5.69,0.341
9/12/2016 9:25pm,5.7,0.376
9/12/2016 9:26pm,5.7,0.631
9/12/2016 9:27pm,5.7,0.487
9/12/2016 9:27pm,5.7,0.466
9/12/2016 9:29pm,5.79,0.466
9/12/2016 9:29pm,5.8,0.346
9/12/2016 9:29pm,5.81,0.355
9/12/2016 9:29pm,5.69,0.436
9/12/2016 9:29pm,5.69,0.493
9/12/2016 9:30pm,5.74,0.532
9/12/2016 9:30pm,5.74,0.458
9/12/2016 9:30pm,5.77,0.375
9/12/2016 9:30pm,5.74,1.239
9/12/2016 9:30pm,5.73,0.384
9/12/2016 9:30pm,5.73,0.242
9/12/2016 9:30pm,5.74,0.406
9/12/2016 9:31pm,5.73,0.317
9/12/2016 9:31pm,5.73,0.304
9/12/2016 9:31pm,5.73,0.370
9/12/2016 9:31pm,5.73,0.390
9/12/2016 9:31pm,5.75,0.357
9/12/2016 9:32pm,5.75,0.362
9/12/2016 9:32pm,5.78,0.407
9/12/2016 9:33pm,5.78,0.469
9/12/2016 9:33pm,5.78,0.348
9/12/2016 9:34pm,5.75,0.468
9/12/2016 9:35pm,5.79,0.345
9/12/2016 9:37pm,6.07,0.318
9/12/2016 9:37pm,6.09,0.400
9/12/2016 9:37pm,6.09,0.423
9/12/2016 9:38pm,6.11,0.564
9/12/2016 9:38pm,6.11,0.395
9/12/2016 9:39pm,6.2,0.442
9/12/2016 9:39pm,6.23,0.448
9/12/2016 9:40pm,6.26,0.588
9/12/2016 9:40pm,6.31,0.323
9/12/2016 9:41pm,6.4,0.421
9/12/2016 10:09pm,6.4,0.500
9/12/2016 10:09pm,6.4,0.381
9/12/2016 10:09pm,6.4,0.429
9/12/2016 10:09pm,6.4,0.441
9/12/2016 10:10pm,6.4,0.491
9/12/2016 10:12pm,6.53,0.608
9/12/2016 10:13pm,6.7,0.589
9/12/2016 10:13pm,6.71,0.466
9/12/2016 10:14pm,6.74,0.641
9/12/2016 10:14pm,6.74,0.502
9/12/2016 10:14pm,6.76,0.499
9/12/2016 10:14pm,6.74,1.250
9/12/2016 10:15pm,6.78,0.505
9/12/2016 10:15pm,6.76,0.532
9/12/2016 10:16pm,6.78,0.634
9/12/2016 10:17pm,6.8,0.619
9/12/2016 10:18pm,6.83,0.732
9/12/2016 10:19pm,6.83,0.675
9/12/2016 10:19pm,6.88,0.684
9/12/2016 10:20pm,6.88,0.685
9/12/2016 10:20pm,6.88,0.575
9/12/2016 10:20pm,6.91,0.672
9/12/2016 10:22pm,6.92,0.555
9/12/2016 10:22pm,6.92,0.599
9/12/2016 10:23pm,6.97,0.469
9/12/2016 10:26pm,7.52,0.479
9/12/2016 10:26pm,7.52,0.405
9/12/2016 10:26pm,7.58,0.498
9/12/2016 10:27pm,7.56,0.830
9/12/2016 10:30pm,7.87,0.465
9/12/2016 10:31pm,7.87,0.602
9/12/2016 10:31pm,7.87,0.712
9/12/2016 10:31pm,7.87,0.679
9/12/2016 10:32pm,7.87,0.722
9/12/2016 10:32pm,7.87,0.654
9/12/2016 10:34pm,7.89,0.700
9/12/2016 10:36pm,7.87,0.559
9/12/2016 10:37pm,7.88,2.156
9/12/2016 10:37pm,7.88,2.176
9/12/2016 10:37pm,7.88,0.792
9/12/2016 10:39pm,7.93,0.764
9/12/2016 10:39pm,7.93,0.639
9/12/2016 10:40pm,7.93,0.731
9/12/2016 10:40pm,7.93,0.665
9/12/2016 10:40pm,7.95,0.730
9/12/2016 10:40pm,7.95,0.619
9/12/2016 10:40pm,7.97,0.702
9/12/2016 10:41pm,8,0.824
9/12/2016 10:41pm,7.99,0.638
9/12/2016 10:42pm,8.02,0.637
9/12/2016 10:42pm,8.07,0.792
9/12/2016 10:43pm,8.09,0.478
9/12/2016 10:43pm,8.1,0.600
9/12/2016 10:44pm,8.07,0.492
9/12/2016 10:44pm,8.09,0.760
9/12/2016 10:44pm,8.07,0.537
9/12/2016 10:45pm,8.06,0.468
9/12/2016 10:45pm,8.08,0.490
9/12/2016 10:45pm,8.09,0.629
9/12/2016 10:46pm,8.1,0.828
9/12/2016 11:19pm,8.2,0.479
9/12/2016 11:19pm,8.2,0.549
9/12/2016 11:19pm,8.2,0.599
9/12/2016 11:19pm,8.2,0.598
9/12/2016 11:19pm,8.2,0.548
9/12/2016 11:19pm,8.1,0.635
9/12/2016 11:19pm,8.18,0.609
9/12/2016 11:20pm,8.18,0.650
9/12/2016 11:20pm,8.18,0.517
9/12/2016 11:21pm,8.24,0.652
9/12/2016 11:21pm,8.23,0.666
9/12/2016 11:22pm,8.23,0.905
9/12/2016 11:22pm,8.23,0.689
9/12/2016 11:22pm,8.23,0.698
9/12/2016 11:23pm,8.23,1.091
9/12/2016 11:24pm,8.23,0.665
9/12/2016 11:25pm,8.23,0.681
9/12/2016 11:25pm,8.23,0.752
9/12/2016 11:26pm,8.33,0.997
9/12/2016 11:26pm,8.33,0.869
9/12/2016 11:26pm,8.33,1.888
9/12/2016 11:26pm,8.42,0.581
9/12/2016 11:27pm,8.49,0.692
9/12/2016 11:27pm,8.51,0.771
9/12/2016 11:28pm,8.53,0.767
9/12/2016 11:30pm,8.71,0.671
9/12/2016 11:30pm,8.75,0.887
9/12/2016 11:31pm,8.83,0.770
9/12/2016 11:31pm,8.93,1.041
9/12/2016 11:32pm,8.93,0.521
9/12/2016 11:32pm,8.95,0.455
9/12/2016 11:32pm,8.95,0.495
9/12/2016 11:33pm,8.96,0.507
9/12/2016 11:33pm,8.91,0.573
9/12/2016 11:33pm,8.91,0.549
9/12/2016 11:33pm,8.91,0.690
9/12/2016 11:33pm,8.95,0.538
9/12/2016 11:33pm,8.95,0.686
9/12/2016 11:33pm,8.95,0.587
9/12/2016 11:34pm,8.98,0.704
9/12/2016 11:34pm,8.98,0.611
9/12/2016 11:34pm,9.01,0.588
9/12/2016 11:34pm,9.03,0.721
9/12/2016 11:35pm,9.07,0.672
9/12/2016 11:35pm,9.05,0.719
9/12/2016 11:36pm,9.07,0.681
9/12/2016 11:36pm,9.07,0.657
9/12/2016 11:36pm,9.07,0.522
9/12/2016 11:36pm,9.07,0.602
9/12/2016 11:37pm,9.07,0.774
9/12/2016 11:38pm,9.11,0.902
9/12/2016 11:38pm,9.11,0.821
9/12/2016 11:44pm,9.15,0.740
9/12/2016 11:45pm,9.21,0.708
9/12/2016 11:49pm,9.23,0.900
9/12/2016 11:50pm,9.23,0.494
9/12/2016 11:52pm,9.29,0.779
9/12/2016 11:53pm,9.31,0.687
9/12/2016 11:54pm,9.27,0.924
9/12/2016 11:55pm,9.32,0.596
9/12/2016 11:55pm,9.32,0.630
9/12/2016 11:55pm,9.33,0.611
9/12/2016 11:55pm,9.37,0.597
9/12/2016 11:56pm,9.42,0.590
9/12/2016 11:56pm,9.43,0.688
9/12/2016 11:56pm,9.44,0.433
9/12/2016 11:56pm,9.46,0.618
9/12/2016 11:57pm,9.77,0.570
9/12/2016 11:57pm,9.77,0.495
9/12/2016 11:58pm,9.75,0.726
9/12/2016 11:58pm,9.75,0.768
9/12/2016 11:58pm,9.75,0.504
9/12/2016 11:58pm,9.76,0.735
9/12/2016 11:59pm,9.77,0.706
9/12/2016 11:59pm,9.76,1.072
9/12/2016 11:59pm,9.75,0.693
9/12/2016 11:59pm,9.73,0.572
9/13/2016 12:00am,9.67,0.840
9/13/2016 12:00am,9.67,0.758
9/13/2016 12:01am,9.68,0.701
9/13/2016 12:01am,9.87,0.623
9/13/2016 12:02am,9.85,0.581
9/13/2016 12:02am,9.84,0.532
9/13/2016 12:02am,9.84,0.647
9/13/2016 12:02am,9.84,0.598
9/13/2016 12:02am,9.85,0.665
9/13/2016 12:03am,9.85,0.610
9/13/2016 12:03am,9.85,0.700
9/13/2016 12:03am,9.85,0.671
9/13/2016 12:03am,9.69,0.691
9/13/2016 12:04am,9.91,0.851
9/13/2016 12:05am,9.97,0.771
9/13/2016 12:05am,9.97,0.614
9/13/2016 12:06am,10.11,0.787
9/13/2016 12:07am,10.15,0.739
9/13/2016 12:07am,10.16,0.911
9/13/2016 12:08am,10.17,0.690
9/13/2016 12:08am,10.17,0.713
9/13/2016 12:08am,10.17,0.750
9/13/2016 12:09am,10.19,0.933
9/13/2016 12:09am,10.19,0.804
9/13/2016 12:10am,10.29,0.767
9/13/2016 12:10am,10.29,0.794
9/13/2016 12:11am,10.33,0.874
9/13/2016 12:11am,10.33,0.577
9/13/2016 12:12am,10.32,0.714
9/13/2016 12:12am,10.33,0.983
9/13/2016 12:12am,10.34,0.791
9/13/2016 12:14am,10.33,0.793
9/13/2016 12:14am,10.34,0.787
9/13/2016 12:14am,10.35,0.668
9/13/2016 12:15am,10.33,0.780
9/13/2016 12:15am,10.33,0.958
9/13/2016 12:15am,10.33,0.806
9/13/2016 12:16am,10.41,0.710
9/13/2016 12:19am,10.49,0.737
9/13/2016 12:20am,10.49,0.589
9/13/2016 12:21am,10.49,0.684
9/13/2016 12:22am,10.41,1.086
9/13/2016 12:22am,10.54,0.851
9/13/2016 12:23am,10.57,1.312
9/13/2016 12:23am,10.59,0.848
9/13/2016 12:23am,10.6,0.695
9/13/2016 12:23am,10.6,0.838
9/13/2016 12:24am,10.6,1.348
9/13/2016 12:28am,10.6,1.321
9/13/2016 12:29am,10.6,1.001
9/13/2016 12:29am,10.65,0.613
9/13/2016 12:30am,10.68,0.878
9/13/2016 12:31am,10.64,1.187
9/13/2016 12:32am,10.65,0.837
9/13/2016 12:33am,10.58,0.598
9/13/2016 12:33am,10.58,0.801
9/13/2016 12:33am,10.58,0.756
9/13/2016 12:33am,10.58,0.654
9/13/2016 12:33am,10.58,0.739
9/13/2016 12:34am,10.58,0.480
9/13/2016 12:34am,10.58,0.413
9/13/2016 12:35am,10.59,0.690
9/13/2016 12:35am,10.59,0.570
9/13/2016 12:38am,10.63,0.970
9/13/2016 12:39am,10.65,0.799
9/13/2016 12:40am,10.8,0.686
9/13/2016 12:41am,10.85,0.599
9/13/2016 12:41am,10.85,0.682
9/13/2016 12:41am,10.85,0.593
9/13/2016 12:41am,10.85,0.529
9/13/2016 12:41am,10.86,0.555
9/13/2016 12:42am,10.86,0.750
9/13/2016 12:42am,10.86,0.610
9/13/2016 12:43am,10.88,1.221
9/13/2016 12:43am,10.98,0.543
9/13/2016 12:44am,10.98,0.843
9/13/2016 12:45am,11.08,0.856
9/13/2016 12:45am,11.1,0.790
9/13/2016 12:45am,11.1,0.718
9/13/2016 12:45am,11.1,0.540
9/13/2016 12:45am,11.1,0.720
9/13/2016 12:45am,11.08,0.641
9/13/2016 12:47am,11.11,1.036
